"HolderAddress","Quantity","PendingBalanceUpdate"
"0xe420a18a8fb5878efbaea538646bcf2da7529890","55","No"
"0xc9a89d9c2a39a6eb1ac221d5375b5ddc8cbb21f7","45","No"
"0x4a2c786651229175407d3a2d405d1998bcf40614","40","No"
"0x3d97ad12d40ea711d88b53680b3ae19aa5ec870d","37","No"
"0x4f95112f04d89a343cfa811468e1a063f018984c","36","No"
"0x6321f6344d7f4ceaa84cd77c058e3adf5c660db2","30","No"
"0x1a9a0b97ce419891f67468f81c91bc82497956e8","30","No"
"0x22703be75e5c6754c89ca32a8a43a864d919ce54","28","No"
"0xdfaf7a94b9298ba8c4b638ad85cbb83db9a61293","25","No"
"0xfcb11f4f6749dd517aaa9f38035fecc1fd91291d","16","No"
"0x25ea026ec746b43f7a73bd3632fd18d46178a90c","16","No"
"0x6047e101aaa9ab9b02fe5cbc1dd03c2c7c8516be","16","No"
"0xbd34811ef9e95b7aca114abd75217accf2dbbb2c","15","No"
"0x3fad44f892b986263ac69db971db8da172185387","14","No"
"0xf3d9281fa183b74f32b96e1c5244596045f4ede8","12","No"
"0x60345b6a7a3c88c83dbbd5fed947c573f5a2bc7b","12","No"
"0xf503289ad06424adfe07b998cf775cad69c462a2","12","No"
"0x20e9d382b137dabe2fb5ee44a6d3a660e263430c","12","No"
"0x6f4514ee49c4e454fbe1e9ff2672369b98cc4d15","11","No"
"0xf9d03e4b72efde0a1536c573802f5daec00f8a31","11","No"
"0xc8c9771b59f9f217e8285889b9cdd7b9ddce0e86","11","No"
"0xa580bfa51f601abaf1ac4d95c4979a9a8490503a","11","No"
"0x2dfb5dc942280be73315cbab54b099c2541a0482","11","No"
"0x83d7699518cf8c97a3c17589de145d819fa41a3d","10","No"
"0x0b0c4248d5518b77f9fc8c6aab0a61c3377c956b","10","No"
"0x5dfa160e0f96ce631d28649d02bb7738d69fe761","10","No"
"0xcd46dee6e832e3ffa3fdc394b8dc673d6ca843dd","10","No"
"0x9ab596c93253d4f9a1c0064c830035e8f764ccc2","10","No"
"0x31dca74fbfb341f876ea185855bbd03ded959ff1","10","No"
"0x41b472b43e108bd6094f6ad001940350c926487a","10","No"
"0xc36751c53cf2db5e233c8eb5fba3002ae795f7dd","9","No"
"0x4347296e62b9214f8366a585aa29354286e29999","9","No"
"0x02f35c01fe546ea347defc3aefa3bb61de8538ed","8","No"
"0x63bbee1f3a5077f1aa37379c7f48c44ff5fcd7b1","8","No"
"0xb2ef468dd726aceb993e4d618637686b1d4daca2","8","No"
"0x9272227568d59326a9be3a2bebbc79c5eb2aff4a","8","No"
"0x50cbb4a5067112f89b4bc122a00aff174b6c037b","8","No"
"0x179677f33524358e3c146215054a4d27c644b7fc","7","No"
"0x01c12063b7b5b783a989a60af9f9f06534307a2d","7","No"
"0xc270b3a8428b222905c2564b0118fb4a0e10bb81","7","No"
"0x874df3dda021045f17542593e161c2c7366ae266","7","No"
"0xf24ea6adb290e4a3f5d0c5da53d328e78dff2789","7","No"
"0x2ae0c7bda14523fc6cc58d10150779517108f731","7","No"
"0xf7d0c52f291cade662d493d3ed7b0ab73528cb51","7","No"
"0x406415e58187ea8d0555b189e32f7a8e13d9ce86","7","No"
"0xdd765bbac6ba8e84b05a38a5ae8ae86d7cfe0b9c","7","No"
"0x21258055dfd7a287dcc224e3586210f1864c1996","6","No"
"0x61ed367b6ee785f68fc04502ce5f46ecda463253","6","No"
"0x0e4206b4118703740a14cbeddea58dd60fbda0af","6","No"
"0x715f280d07b7d98b00f7eef9e4ca62e9c5dff999","6","No"
"0xa42ad1fad4095eebd65356696aae43e50f712fb5","6","No"
"0xd41918072034dc5b871a2deb2072726a1c2d57de","6","No"
"0xd3480dba9a6e999c3b404d5858e76ed44eb31d4c","6","No"
"0x303425052e462dd0f3044aee17e1f5be9c7de783","6","No"
"0xee6319fedf83891d507adb801fe3321bc38f753f","5","No"
"0xd114b8e35b36e09f5d5cdbddf0d42f8d150b420e","5","No"
"0x78e0bc5322928704de27b2c4a54ef93f269c328f","5","No"
"0xb7707b8e88241e77064725099113896bed5c3ed0","5","No"
"0xd3e7183f85af100ebea219a8b831548360096639","5","No"
"0xb0b6fa4cdc2639b6d789e07c27709fd69e1c5868","5","No"
"0x36209cad56c31332d575bed3e989c988c2ad8eee","5","No"
"0x8ddd6263d5e012a5450df7dcf4fe3ebd5b8903fe","5","No"
"0x61e484b8ba9105f753fc20206e625c86b9ba6830","5","No"
"0xba7568be6f22b2e89291fb7c42aa0ed01d0232ce","5","No"
"0x5be1ad47a11e78bd78b66a1a41c855d899f8891b","5","No"
"0x0a7a29432241895997ce9ba9e450d68d971f77f9","5","No"
"0x74ebdf3efd2a85e34782fd28deef75ed13f20b0f","5","No"
"0xd17060803f2d4d3613b32f2f3d3d4db1c6fc3159","5","No"
"0x34d8034debd6c440c0ad64237861565f5ab321fd","5","No"
"0x1dd8a4eca9c9af43890493ac81ebed848f3a877d","5","No"
"0xa89c876be69223295a0925d7a62cb6868dec4ac8","5","No"
"0xf5d856113910e77fb02a07d15236907c6ee7395c","5","No"
"0x02f95d4f31a62dd754747e73689aae122fbe7682","5","No"
"0x34dbcfe2a1393de14b1d5c5acba99178c2bbfae5","5","No"
"0x5139c2d023c638a5f5190858b2ba4886873ed027","5","No"
"0x7ccf729486c74e7d4a94a0db1344410cc44a79db","4","No"
"0xf4642c1f9a9f59a6ab434ade9394f257e38ce515","4","No"
"0x4f1d5180c785969c64e41a5902c5616ba0285082","4","No"
"0x98ea82ac93165f77d69a4fd3243b121f1c56e4a8","4","No"
"0x322c4e98390b9c60889ba7faf18ad296f55f814f","4","No"
"0x700570ada3fefb97acb2388acaf425790b4f11a9","4","No"
"0x4391465fc8b412fdcee8798f58dd8c92b7be7944","4","No"
"0x06b02e983de7c5837962039b68c3e2954725639f","4","No"
"0x2fb280d0ebc21245b2c72c59b7d61e445d6659ce","4","No"
"0x5ea61c2d641faf0368deb0c0790dd6a4ee8b23ff","4","No"
"0x5e216cecb65e1e1b86fe8c46c730af287c4492dc","4","No"
"0xdf9bac2de42c32cb38f1fa0b33a0b5a195ba34ff","4","No"
"0xb258a4dbfdffaa0e2a607bc3bb8e5aef3022afa7","4","No"
"0xb5e8add227067bf3db9989686285919fb669b580","4","No"
"0x21938a693771d5dbe7fce8d1ed6fe6a6efaf6435","4","No"
"0x9ae71141fc380dfbc10cfb2765ebee14610ef7b7","4","No"
"0x466fa491b4b62b70e4840a3e7501cae3ae1cfa6d","4","No"
"0xcf66b406fa6dbddb75d516a21179e8b81cde2ec7","4","No"
"0x350d6f09d1edad94675c2a48ebac4d38955f5165","4","No"
"0xae996bf0a9d122ce1dddefe7732920b6c1539c29","4","No"
"0x0de50c0e0df8e7e5e7c31ad0b49b62623d613490","4","No"
"0x1abe4e81eb6b34cb84b04bd88c6e9e0409622f03","4","No"
"0x0f884b803f95e2f80ca89c760238d16451075376","4","No"
"0x6764c59bbf7f9085004a761ebc4e04266913674e","4","No"
"0x29bee0b61306db9630834eeac098c1635124a3f1","3","No"
"0x716754c08c77d935a93b1853a19e4ccbeef4f351","3","No"
"0xe84e7f02876245c131003cef4a66e22494817352","3","No"
"0x98f861064b443575f01e3ca9522b5c2fd26418f5","3","No"
"0x2ae8c972fb2e6c00dded8986e2dc672ed190da06","3","No"
"0x8bf715bd7c1cc10f41b882072c39ff1abc45a818","3","No"
"0x2e614cfb16cea25bed9f07fcefcce7dfc73cd39f","3","No"
"0xdcb63c35ffa4e4005f957462dec69d1d01a74d9d","3","No"
"0x1c6f1a832e73949c97fe335a98b6a5fc3c9c29e9","3","No"
"0x7e41e492351e46ce82dfd0d373e6e519a02f9a69","3","No"
"0xaae92514927d26f5e53e975d5317276294a3617c","3","No"
"0x114b122744381c0ecb00f5a0b690faee72d64677","3","No"
"0x79d5b8a9796ba2f0bffd9288caffda660c5fa5a0","3","No"
"0x32ceb38dde2cd3a2cdc1741724fee2b63861bc8e","3","No"
"0x6760ed11f481e6a7ffaa2a517946ac0c2f99aa66","3","No"
"0xa21b3cd198ec3ba865ce18ecba87ce12f5dea170","3","No"
"0x0573e8b5dca086cc6780937a5403d95df0036995","3","No"
"0x5ea2df46c4d022382bb2cc9561f39cf24060d6d8","3","No"
"0xf6a9dc9a41e8817fbc86532d53d89ca80d9aa46b","3","No"
"0xcbcce2388318919d5ee3f036c474bf1aff340272","3","No"
"0x2e285e94843a620a01a2462ab4b19a17b0847ddf","3","No"
"0x88d27eb25018f3e224bdbbd1a35be100a0bc72f2","3","No"
"0xeb7a12fe169c98748eb20ce8286eaccf4876643b","3","No"
"0x3a27a89d203fdd6f241c43b4ccc667dff10f32a6","3","No"
"0xc24d5b145c21f570a38cbb95cfd8ebb923182732","3","No"
"0xa299842fd0c72ae699b08d0acce721bb738f1fc0","3","No"
"0x6b98cad135ec2a3e85134b336f9d44171591aecb","3","No"
"0xc7ab1d2f9508a4b6a7feea042c3c7424a06ff172","3","No"
"0x74b1fb056114900f9a4557e6fc982b32cd687fbd","3","No"
"0x38a58bf74f84084d87fd660cd45054d96e7b0e1a","3","No"
"0xe522304039b02dd2974a5f54fa21b1e29ae7db16","3","No"
"0xcd4ddf2aed875248d6d586b57146858a71eafc02","3","No"
"0xe8c63b293493fd2c267c87d8fc25654c0efc6f0f","3","No"
"0xda76914ab369fce57d5d15a1205f70b32d9d65e0","3","No"
"0xeaca8307f0d6f67c24ce8fc3b3a6d664d45cb06a","3","No"
"0xfb3484999baafc7b8d83cb0b7efc9922519db99b","3","No"
"0xbf0f18033950ef50570db1cfba0ab2eb49d3b889","3","No"
"0x551c3501e12e398f536d7defbfdcb7efcae297e7","3","No"
"0xd44444545676c451bc29c45ef6c9f154b1e8b2d0","3","No"
"0x918ac8c07a5baa833c39cff297a352e1d6b366af","3","No"
"0x7c6c1d7fbb7b469605c9b7767869d3114ea79a9a","3","No"
"0x0b69547b03f6a0bbec1d7731df7a85d253b71b37","3","No"
"0x38ec4b72b8f7b643116b6b712461b916e6fb1e74","3","No"
"0x8333150e6462716f7307760a6c46b258f144004f","3","No"
"0x6eef09b526d883f98762a7005fabd2c800dfca44","3","No"
"0x3ef98dadc6383f395b459f9ae44c4ca5819cedc4","3","No"
"0x60bfbb7e79b1f7af0dc513e460defbe143a1bc21","3","No"
"0xbb9561ad5bce8458731c77d0ef599eefed7a184a","3","No"
"0xf99fd84d4c310ada6714634877373e370755ade5","3","No"
"0x20ce22cfaa70c1f03975e7da1de49d3632f98819","3","No"
"0xb8a9eafef01fee251b160c0ff3b5e0226c3e6c9a","3","No"
"0xa70fb2246b45dfe23301d637e14b1baf9376a7f3","3","No"
"0x97bac212815dff849820e34b6f9a58e4c40909de","2","No"
"0x52b15cc61b3ac16f29901cc8ad8f8b0184465bc9","2","No"
"0xa372c078eee7da14c509e762672d81ecf85267ad","2","No"
"0xfa5a9b0f25d033d30fdf62cf00e83fd7a366f619","2","No"
"0xd0d004b4ce867785d9ab4c684f0497680aa7b6ae","2","No"
"0xb23324742c160df56696b1395db8354e408b0a0b","2","No"
"0xff37a713c920f6e94043d10c1230e30b13f4d500","2","No"
"0x0101e50bcff5340a6282055b60e200198876a78b","2","No"
"0x5f31df82d68bc9705eeb0febf3fe3b6359ba586d","2","No"
"0x15d75ab0284cc0d01519bf1c403e6f1c069fb6b7","2","No"
"0x5021ca11545bb39adea9cf8cbbeee9c3182a5c36","2","No"
"0xf0f98cf3cba0fac859a1f0200bdbacdc2edb42ee","2","No"
"0x65504838463b09bbdc8be4561a05ee611f6077d8","2","No"
"0x9bff944972f007a99e0102bd530eec85c1dba23f","2","No"
"0xc2e5329356eb06d97406260aea056891f8477c0a","2","No"
"0xebd93a2611b0a35f722e79a4bf7f7f000c514a4d","2","No"
"0xb35248feeb246b850fac690a1beaf5130dc71894","2","No"
"0x847fe31c07b03011621bcd8a12b64e2618a47743","2","No"
"0xde85ddee0e820a0f3959276d64cea16537af512b","2","No"
"0x64ba57bf7977dc2c60a5c9935e01e2bc6cf638ca","2","No"
"0x0a24c7547dd14be2f502d354afd224b226d177e4","2","No"
"0x311b1cc84caa44cbe81c19f61534ae3d99fa8afd","2","No"
"0xe1c9715a30aaeaa83752dd924e21e7557f4a5808","2","No"
"0x68856c1fb2525e65bfb3f945e2041e24ea373c21","2","No"
"0xd560ce66981acbbafccba70601690e8eb6b539b3","2","No"
"0xa87ce3b8e09610f49cd0e2259efe0c11de5380e2","2","No"
"0xde30040413b26d7aa2b6fc4761d80eb35dcf97ad","2","No"
"0x087f2606ac8c88471ab9b011a5338c1be0f6f650","2","No"
"0x3ffa8ca90acd3fc7eddbc51184a0ac1277f47728","2","No"
"0x68ea9edc3ae70f08bfef231243b4829f3924fc0b","2","No"
"0x6999ed44f7ae0f72e801f6cd4c6b06793dd0486c","2","No"
"0xee7249df14ef152942ef51b4b65cc609089914ef","2","No"
"0x28b50f9a4520cd07670dafd300be37bef0d1c3e8","2","No"
"0x13c45d34e0eb5d7e0a5b3d719770ec070bac9a57","2","No"
"0x82f402847051bddaab0f5d4b481417281837c424","2","No"
"0xa5cc233c5f949f080d1e195798d8cceb516e9afd","2","No"
"0x0595cc0e36af4d2e11b23cb446ed02eaea7f87fd","2","No"
"0xd95906c45bc9ca7c14f2a930c78a3270e0bd19bc","2","No"
"0x6d361440dd4746387eff1ae65ddbfe891059e0ce","2","No"
"0xddcd956be8e1d0c367d7faabe7b7c53d805b8039","2","No"
"0x97e0c83128490e4ec8e4143004597e632e46c4ca","2","No"
"0x592777557316b1f8baf7dfb956cf9d1a2b0c8c19","2","No"
"0x21e52c912c9dea987351978333d2ee1e700c147d","2","No"
"0xa85d75dac68297d33924ff72845df223eba77597","2","No"
"0x0700d8a9c0b225946b60f8d24661878caa6683a2","2","No"
"0x0c520d5d99df7ecbf3754ccdc1c9583495582069","2","No"
"0x39b557a249706cac1dffe157ce5d25ff1791b56f","2","No"
"0xc866b23312b2a14fd5687c184bea44ae69d735e1","2","No"
"0xb82eb1da53c5e394f8525c7d627dd03640d6bc97","2","No"
"0xcfb7fbcc296b2641ec996c6706c799be488b37c1","2","No"
"0xa970feebcfbccf89f9a15323e4febb4d7cf20e34","2","No"
"0xf703dfe714ce2f071f48b72a6fcf066a2b721a00","2","No"
"0xcbcf161f0b53e534a77989d83a89cbc9d66fd1b9","2","No"
"0x867b6a65141afe1e4f20f3aef6770640b2af6d07","2","No"
"0xcb1ce445d01d0bcd07236a77c895e09c3abe3b34","2","No"
"0x0da47666a8311250c7fa713250a828307fe933fe","2","No"
"0x192402b1c85bf6eb36914f4efbc5cdd75f1c3ed2","2","No"
"0x7f86d25f106a32a25567885aee9873f461775617","2","No"
"0x724ed219f6c90e1fbfe9b159794bd1a6ffb14e1f","2","No"
"0x37b468e1d4616d6aa7f8584407a0981cfa46e99f","2","No"
"0x1821bd18cbdd267ce4e389f893ddfe7beb333ab6","2","No"
"0x71db056df3be6e345f0878f79a2cbf8151839471","2","No"
"0x94f4869fadbcfde08a8be5c6ca22ba710543012c","2","No"
"0xbbbf62e2e3080f4a5aa3e29a1369344393221ae1","2","No"
"0x9568ef803d55005ad31ff6cd14924b5e0172dd9f","2","No"
"0x40b84d7ff0a915dab4fe7b47e1a6e618193a397d","2","No"
"0xae418379ab3290b0029aa75926edf2db03e662bd","2","No"
"0xc62ecd4db9b400b9245188407982f5c7b99febff","2","No"
"0x5be4052397fa2d02a31e0a890c1acf21c020292e","2","No"
"0xe6e78fcd93cb95212954c7e107e224cc2cd6f470","2","No"
"0xf5fd316dbdf8a56b8ac76153e3eef0499d82ae1d","2","No"
"0x33a58b7a1f46aa945993302f0a7a812888c35dd4","2","No"
"0x1491c99fa49d73f3f5ecf207d47dbfb8a275e153","2","No"
"0xa4faccf1800a5850866b0644afe361f159e59ff5","2","No"
"0x6cb1697fe884570681eda5e4bc73b6cbdea1c61c","2","No"
"0xc5aeaaee2bd81ba7a9bf3a7166a59c27d85fc27b","2","No"
"0xad569083dee565d4ddb648f32fa392d6d42864c6","2","No"
"0x971e87bb6a90b8c791d703ea3e78d103c99d50d0","2","No"
"0x3dbe920361edb5d98ab588413b5808bb4bdfd023","2","No"
"0xf786af3d626cb98716ffb06cbf32c2a2ea78edd1","2","No"
"0xc4872047e4967253b16bf047fe9d5ff32e62db92","2","No"
"0xb6c5d999e32c806468a2ff165c2e679ddbd6e569","2","No"
"0x472f991b5d1b149404043e8a33485da5a9dba724","2","No"
"0xe831ee92a14819cea1639f6bc14e632bdde0e233","2","No"
"0x4c767d7ff0741702be8e2e15e15b96629cbfb55f","2","No"
"0x1bf8118c14c9bf2a9d958d969d139671aea3d08c","2","No"
"0xa98ec9476516254b73287458238d52cc138d926a","2","No"
"0xd9ee39e50b6beaa54ea6a446d5b8ad861e91127b","2","No"
"0xe31ba95e7b4e5ed221cbec52ac8f2ccd390e3d4d","2","No"
"0x57e73d0d9224f89eb4ee8c5d44932523a8c4339e","2","No"
"0x950c9eedea368e3ee44cec1c11ca2f1a9e1cfc19","2","No"
"0xa225c098355259340e9c2afcb338c29d775ef6c7","2","No"
"0x76af55f71b031aa63fb1647219b9f213b165473f","2","No"
"0x01c18e70ae0df420516d7e93569699bebc1cfdcb","2","No"
"0x8b99eba84204f4caf10617e707fea251fc53b0a1","2","No"
"0xa24c3e4a7459dca1610b05bee3df714730495230","2","No"
"0x6885c0a837c320f47a66df243c49a4e605ceb1ab","2","No"
"0x2ca949f8bff9d13325729c677425a23a7f1f3740","2","No"
"0x765e4bd7b83d7efc7ffc18e9592920dfe4516da6","2","No"
"0x1972560d3c113924df93dd2ac84bac702ff5e498","2","No"
"0xcc8ca4ec7c234b6c52df4637ab71fa245289490a","2","No"
"0x8b2135f5b8563fb23512b4c08690c570a5c3e88b","2","No"
"0xfe2e46b246e4e8695b99120fa3475bc3c1592504","2","No"
"0x6c37cf01ae4af9d37d8806a2a1d478c86b98c08a","2","No"
"0x93e029d33955c190b775e08e6bc302096e035f2e","2","No"
"0x1794fd7510b1e3c6a2e193c2c1e6d74ff2c47572","2","No"
"0xeef6d06ef092280bb31d4bf9afba533ae9945fb4","2","No"
"0x1ce9ff9e35b27a847e2de6af1c83f09ba3244768","2","No"
"0xaa0463123d19b3316cf4c512db31909e3df31e37","2","No"
"0xb83efee0aad06a8f7bceb9eef660b1a3663b2116","2","No"
"0xae4705dc0816ee6d8a13f1c72780ec5021915fed","2","No"
"0x7739a73c773a9c0c46c2afbbdc9a8573d185a15b","2","No"
"0x7888594fc97f6fce9ddbfffd9f181eac60974871","2","No"
"0xb26423dd4ff80bc37131b5c738947a734563f2e4","2","No"
"0x40b64ae4665109ce0cb9cf4d619afd6a4f73dff4","1","No"
"0x3d5c457920ff88a7a42d2af63d450e5f2da61d14","1","No"
"0xc09d3402515676b81a2f768c365146ea3faa5605","1","No"
"0x91443af8b0b551ba45208f03d32b22029969576c","1","No"
"0x7330a942b8a3433a93cd19c2f11ef319fb31720e","1","No"
"0x068baee003c32d507a64ed7af700a0ac7074fa58","1","No"
"0x89032c0cff4abb9bc490df104ec89eff27314909","1","No"
"0x247648f73f1d13ed4461a36b7dac5a8fc09e5df4","1","No"
"0x63a81a3c1e970246974d3a3d3a060fe0d599545d","1","No"
"0x38bc91aa6aa434c4fae7e666f68c859292deed95","1","No"
"0x2c27fdf0344782656ac373e7721be87a17b39498","1","No"
"0x73ac521add6681f62eff6f128bdc8bcdc16a3642","1","No"
"0x13537830cad96205ca394123907763608d00f490","1","No"
"0x688b5c7b549339922c0d2243debe2fe921a1a488","1","No"
"0x662135d6fba3d1cbc7c70fde998b6fa8a22bf515","1","No"
"0xbcfea7c894cbd0cf5fe654559268f2eb28c7c659","1","No"
"0xc2048c29523b8f3ace4bf2d438faf8e40525df95","1","No"
"0x61edf30b7104f7dd09cf917eba6834608d6b9936","1","No"
"0x59c63774e22ae7a9afb8a21e7aeb26f97bf05c26","1","No"
"0x8d4583655cc7a5b36ee3abe3747176b42b698ec4","1","No"
"0x54fd81d1a6f56286026d36312e208ffd25bd0426","1","No"
"0x6f38b6a1e7aecabbee6b9d0cfd7ecb98668c57c1","1","No"
"0x8fdcac5b79e2d517066e702814910428a0d495d6","1","No"
"0xb32659fe74a4ceabadeee1b58ef334d499b8ba26","1","No"
"0x99655ca16c742b46a4a05afaf0f7798c336fd279","1","No"
"0x2353aa1c1ab5c4fadad8a64e252951c62ea94022","1","No"
"0x5eb4a6674049eaf45ac23ce00d0f822160c71cda","1","No"
"0xdc4471ee9dfca619ac5465fde7cf2634253a9dc6","1","No"
"0x92572aae1c9c4ba92011a6a56579c79dbb272cd8","1","No"
"0xdf67361193d52ee42cb759eb98ce2c7978dd440e","1","No"
"0x24c8c7d66c19a8b952750fa4d2c604b676fcffbd","1","No"
"0x05a0d7d1b907952d25bc4eb368eef2e8ecaf86ad","1","No"
"0x0e66762678cb154fcc727c6ab5d5be1158cb6868","1","No"
"0x6871d516388d0123374b97f8df539e6a38435cba","1","No"
"0xbd5e48fffb2ad39f37817bb6e555bf1ae4103f98","1","No"
"0x815062f07a6e240a735221ffc645d2641136d6ee","1","No"
"0x0919fbefa094aa0fbc3810b7da83abc097527518","1","No"
"0x8c864e7efb3666188d4b10d1a10e82bb45375b02","1","No"
"0xf29d059f9851f76c744cd7502569e06f3b1d13a8","1","No"
"0xe9f70ddab40b02769f02b231fe3ed9a09ab748bc","1","No"
"0x32a770941ca08621747123a009c8c99cdac6f710","1","No"
"0x9ac49d2ff6d3cafb8811d3de84cfe065b55cdfff","1","No"
"0x841a4fd24f3bdad8db81827a0862d99dd8934e24","1","No"
"0x9b32bf5d8d88dd5cef0d32cdfff2eab50d2e04b3","1","No"
"0xeff1264c55ef5bf5606ea72ffbf43cd58c73e341","1","No"
"0x27524bff4423404f4b516367bd6a67c71876aa7d","1","No"
"0xdb1bb9262897f66a338efef6924f2d0d44680af8","1","No"
"0x5136e623126d3572933fbafe59ae97f13dd9687a","1","No"
"0xdd63c25f37d22f0c64099d99daeb365c3df62e1a","1","No"
"0xe317c793ebc9d4a3732ca66e5a8fc4ffc213b989","1","No"
"0x0f7a1e945b12867e17cfc077649e584de032e1d1","1","No"
"0x3a71c05b9666e49b5dc15df245b6d16d8f66f710","1","No"
"0xe62778768e1078c890b3757316f82a70ebca4a49","1","No"
"0x0a040043620187e883f5d6d8d3aa9c8229bf3e02","1","No"
"0xefe56c0bd8b8a2fc9414d4ce91d1b4f2db51f130","1","No"
"0x2fa57186d6e07e2f4c83e03808fd48833c2e5850","1","No"
"0xaec406c7e4868e6402ceee23a4962f307d7e0e30","1","No"
"0x399d1b0e067ea639b9cf0e0d949acc2f0eef27f2","1","No"
"0x0b4c1c2ae2bed26596424687759f6b462c56af62","1","No"
"0x16eccacdda49328535b5abb8d9b2a4ce58fe08ad","1","No"
"0xe602f88091440285209b500bcf390a139bdcc51c","1","No"
"0xd1282134a3481cb548504073ea31e602228f15b1","1","No"
"0xcb7107fdf33a7bd86da6d60921ae0652c098c095","1","No"
"0x812dbb12a51a5173cbae829dd451cd4a79f6a756","1","No"
"0xf1da3077295a3b4b13c25be1062352df1d086939","1","No"
"0x354d4d759c49094f60d537bfd7177c05b70c20cc","1","No"
"0x9c7f5856596ee7d10ab8e4e19f1ad5bf3e915689","1","No"
"0xde12bc577b2ed3a2cd542ce8f0adeb37c9b59992","1","No"
"0x9968ec02b3ff5945d54f53091a243c45faae6ec8","1","No"
"0xb8c270e2862e333468e70e81d406f6a2e06ffec1","1","No"
"0x2d7c33dc7480f2123477f4a1b44f05f008944c57","1","No"
"0xb55f3abb0a77e55ba4a462d2c60527f9b6699320","1","No"
"0x49ffe4429610efa450b0654ea9a20e0eb4960920","1","No"
"0x1779b02a06dbfd6aaead120136f1ab34ecc8f27d","1","No"
"0x000422a87d6882570ca0f510e8756b20ee125000","1","No"
"0xfb7d7c678c6bfc03952d9c9c7427d3fb8d3142f9","1","No"
"0x28710687f37e64799c59548607e2d1e1c8769ea6","1","No"
"0x74b624492425f6c54820f8277860feaef381554b","1","No"
"0x5b32132eea7f4654b0fa13a649037a3d1c83350c","1","No"
"0xdf4e1e47c84aaaa728589d8dd01ce885dd905466","1","No"
"0x611ef02779f702ec24c35f627d5525b717d0b5bf","1","No"
"0x1cab77ee18847f39f20d99ce998ebba3ccd31f0b","1","No"
"0xecb0b10c45a48b78b7459b71e396e705d9df84f3","1","No"
"0x9e9161363ff2f51246030faf9a94049a42835c17","1","No"
"0x0a9271d71c8b0f9b5df325d6d007c2fcb7724e54","1","No"
"0x4fbec42da1ab96435c68f64978886691afeec32a","1","No"
"0x4ab86047a86322c1798a50b29f58967e22a74b59","1","No"
"0x115a242e89b46d3c9c8254393221fd5eb69a616a","1","No"
"0xdaadccd6eab0df609ed48fd3537bd935685dd846","1","No"
"0x930774320fa726f1be838a5feeac641dcf386b2d","1","No"
"0xc3ab4f4451d65299540242bb8ab3c2c65154b3f6","1","No"
"0x108defcc94bd61411e9959416066e877d0f2c404","1","No"
"0x9c0fe354f36fd0717e9d41e2a3c1d325f450d824","1","No"
"0x0478f527a669609a0f2ca2619be0094c23852495","1","No"
"0xc2de88aae74121a05b8ecf066eac4e6ec404a92e","1","No"
"0x7756b3cc02daa6ad1c21f3edd60d821d9b771bed","1","No"
"0xbd2760cce51f4737c8012b60c2e511e2d99dee65","1","No"
"0x0b567a90bf36025ff20b9fa16b970e0e6fae26fb","1","No"
"0x14287a791da09fc7d606feb26a20758f91fe0adc","1","No"
"0x591fecb1859aee7e90c337316f8416c7898f154e","1","No"
"0xfb30ca82b07375a3d5d3a152485d6e79b5d08580","1","No"
"0xd85e89579cbb9f5f1949c4a047bc750ba549ee7e","1","No"
"0xe45ab678768cc7e5bab6de02fad7235d6c615037","1","No"
"0x9207346a1c11204504f18b459013e7591c0502b9","1","No"
"0x0000000000000000000000000000000052e1577b","1","No"
"0xb4c5edc1ae285556f73e98ddd6153ea8b1075365","1","No"
"0x01c7145c01d06a026d3dda4700b727fe62677628","1","No"
"0x22293dd06d50674f0b93c85957c98dbde9823ddf","1","No"
"0xe525b178f1bc9c8907afae4868f0aa74418fa34e","1","No"
"0xa53a6fe2d8ad977ad926c485343ba39f32d3a3f6","1","No"
"0x3ed58cf30b18f5593df128e8553608448a05af11","1","No"
"0x88f516c04969f470888473458b5e09342da08b7a","1","No"
"0x4ed08edd10ec1e2f137189b03801c2037166fdcd","1","No"
"0xc4508a4910be065b4c61808f3bf7ffde27d9110f","1","No"
"0x3d5faeb5a82f1a73719a8d344c4d258ac809530f","1","No"
"0xaeae3201957353a9d0dd24321e866e92e1c13d86","1","No"
"0x4abc33cf81e0d21f42168d044f7002edd6b80b09","1","No"
"0x2cb8636240693b445ac98f2091b58a898e35e60b","1","No"
"0x4e42abc95f1e4f2e0e1375dcd82c9ef57d27a9e7","1","No"
"0xa216011ed18af74101d7f83474b222644a1304b2","1","No"
"0x02e0b414926c827b18b1f0b9adbe595ef6ffa080","1","No"
"0x1f5d295778796a8b9f29600a585ab73d452acb1c","1","No"
"0xe8270b17f341871e814a157142f0fedccb7a9a92","1","No"
"0x07f00bf1f5d9cf040472b28f1464bb08100ce3e5","1","No"
"0x439c654369cfef1f99cf9910b0b3109df5fa4656","1","No"
"0xf1e1eb9283da60dfe0453f31fc4de72264bef614","1","No"
"0x1c4724aa99ed501a6faf0ceb6229fd6c2e587f46","1","No"
"0x4755655da2207dc37781ec61a34fb771750c7511","1","No"
"0xb6172457c779da310d818cf9f71d6466466113eb","1","No"
"0x29e9518023dfc81bac79066734cf14d01d8b7472","1","No"
"0x7649cdca17ae8ec66961321bcb0a78e77de54385","1","No"
"0xd3edcc3dbf984f72b222b5a2926deb873ded7c03","1","No"
"0x2a527314a3cf5ce236f383fee8aaa886f7d5f5cd","1","No"
"0x11ce580b7d64fb08f73161aa95835202ae1c9417","1","No"
"0x2ab1bfa5b9e1d838b9b50472043d793a7bc08ff4","1","No"
"0x436daa256056b8eca3ef033fed2f4581e79fdbd4","1","No"
"0x1de989ddf4e3785a91d7545f6873af9e61c47dff","1","No"
"0xd7d43889a7f89740b0f4adebf60428ad031faf43","1","No"
"0xb648871972909326f25a25d8aff05cfe9ae2568c","1","No"
"0x3900951a9441742110cc1b811dcd4513eda667c5","1","No"
"0xeeff350d770e780bf4125275e1c3ab7977d3ad16","1","No"
"0x71a4873f09b78900ef7431b7156542aa2db159b8","1","No"
"0xc262a3473912170c541f8dbc9bffdfb78fb9a048","1","No"
"0xfba44d2b001456ac4f889a316124e90543daf673","1","No"
"0x1924eb636f5b7949656bb3a089ea7715849bd724","1","No"
"0x5773dbcbb41f1ff3f49c14b379d9e0d155e0fb20","1","No"
"0xd0b952f51c99b90e6eecd3597ca787e749c2359f","1","No"
"0x2eb2eb09c04ac82da8cba3614f8e554625330f55","1","No"
"0x0fe505de8ade6aa405051d4cc942ee00ca17b85a","1","No"
"0x5bc2852feb943b4a43fa87b275f44b45c4ca527f","1","No"
"0x545ff732a68f40d7476d1964d9771480d6bd78e4","1","No"
"0x138f034fc2085f679f25efaa092a870c71ddb428","1","No"
"0x8626652c5e9a6fa5d939451fc7cbc6445d31954b","1","No"
"0xeef282104e8a1af9deae6dfb0ce583b5b24ec982","1","No"
"0x1bbc4a5087588bbf1f00005a9a39df3f3c9f852b","1","No"
"0x57a4c7c267afdf07bc8c9f8faa46a43ad5ccb688","1","No"
"0xda1d4bd894709dbd9a140c05bdaedd19afe7fb00","1","No"
"0x97db6365edc524d443f2822673ed7e90e4cc69d9","1","No"
"0xd386e88c9bb64401486b3e9127ca784fe892b4ef","1","No"
"0xcf3ab5b489358356abf57ae535c8d4bcb8c7e618","1","No"
"0xdc84f57163b07e388e507f44bd61e7747cf7e9ad","1","No"
"0x47424b972cba53d5c53c4afc3c07c5d2a6b5e3b6","1","No"
"0x00cd1e89e2f1397cf1538a3e1d610c786805a2de","1","No"
"0xd6d10ef3d817ddff418c2aa182fceb0d6ad38a42","1","No"
"0xbea56c0a23c89dc1c76c2260c684e62d30212bad","1","No"
"0x731308ba991666a94c599e19011de2287b9dd004","1","No"
"0xee61b0d50d96d4249ae0e12756edc199bbb7d070","1","No"
"0x227c7df69d3ed1ae7574a1a7685fded90292eb48","1","No"
"0xca9188a34503ee47cf642d59f5bbb0fc5723e24c","1","No"
"0xcc80103502fdfc31e5106d11854b856b27301636","1","No"
"0xf7e6f425763e155ba0a8738952030df941770032","1","No"
"0xd2a162943e09a11612e4c2aa1ceef1a9842569ea","1","No"
"0xcd34087a3e13fcec3d42ad62ea4a1c6ba4db35f3","1","No"
"0xff4160a2355b1fa42722cb63fa482e7061ee40e7","1","No"
"0xa4c87a02bff4887036f13be6046b7f844a1a15b2","1","No"
"0x90f968ab578e25086553f5d6db6875530d3f7d38","1","No"
"0x028922106555dd3909f7af0117062ffb6a16b9d8","1","No"
"0x3d68ea7b3443c43fb4f84d850a4f4a3dff288f9c","1","No"
"0x9a078cee5b4d05d7d098080f31f576d06b9270e3","1","No"
"0xb3f0771103120f80ee3f2fdedf9c856a3af683b1","1","No"
"0x447f1ba6473e90709c163413eb77b379d4ee6bf6","1","No"
"0x809821cd9192f00079939f1e34769202ae1520d8","1","No"
"0xd0337203884fb588b90733199cf3aee08b60f3df","1","No"
"0x310b8ffe8214b7049a358f10080fa97f81514885","1","No"
"0x86b1abe842b5d9d30dc450a3e354ee54548a187d","1","No"
"0xc710582a9203dc39ff6ce7761222f39d608d5c5a","1","No"
"0xa6cbac0d91e998da849c45dd508d9ea6293a816c","1","No"
"0xb6222d6c81fac4978fe4778e3d79d960a7358d4d","1","No"
"0x7cd4854339e35fa0243792685baebce73d6a23d1","1","No"
"0x3546de3f5f0ca12a194c817eca07a401051c73bf","1","No"
"0x926524a86c29b7c6b789257720b2c5d287faf942","1","No"
"0x629f012022b9c5fff241dcf3c5012999c3f15453","1","No"
"0xe50d293e4eba365ef00b167b03d00ab4a53f6da1","1","No"
"0x73463e30bbabf42be5d2a61c7fcda7e99ce65294","1","No"
"0xcba458f840e9f02be9178a3014686fc7bf9f91ca","1","No"
"0xa6dfc02880e7d3755561f36138ea0ad3982a003b","1","No"
"0x3296b3565544036c3277798e20fcb9c14f094d92","1","No"
"0x4fffec472890d1028370b7383128602c7b21ffc2","1","No"
"0xfedbabe52951a7541b30d1610941cd5e0c551ab5","1","No"
"0x0d89421d6eec0a4385f95f410732186a2ab45077","1","No"
"0x9178efb970616916fa7c087c9bb077a3e0917739","1","No"
"0xadc635b896ae8f80c46909eccc47c965fdb30a20","1","No"
"0x0aca56900e20696749dfdb76147b08abb1b1019d","1","No"
"0xb8d23f0c6782526a10ede1aaeaff477f6e985d10","1","No"
"0xf2a4cf14022617c8c167bc0e536b9fc08c49f8c3","1","No"
"0x33104148f86d277199de59eb2effe94bd3a85f7f","1","No"
"0x1e0371d11fcdaf23f95beaaec9a93548f7e4d281","1","No"
"0x859a8e9d896ef9f98132bac133ba63fc82626509","1","No"
"0x7d4ab933436026f8591d4932b76007c4308bb679","1","No"
"0x3e56328a2fc12cec970354d8aa50044feff5e361","1","No"
"0x000000000000000000000000000000000000dead","1","No"
"0x6743406e32127b7efe84157f6fbed69fbba309fd","1","No"
"0xdb0cccd531807aac118901ab3785e68c8c474da3","1","No"
"0x292efbe880b9f8c4f02303ac2abdb58a8c2757e6","1","No"
"0x39da3edf2b1548c112282d7106a631da5a702037","1","No"
"0xc18f8abb77cc6fa25b5df236d34c057ee4677a17","1","No"
"0xce012e3b7b3d59a51db0763d0b96a4f5b116286f","1","No"
"0x9e136b0670421b88f6c55f062ffe029a3afe7514","1","No"
"0x0e124a7c9b378d7276590b6b8b676a75ff923a03","1","No"
"0x5e2889eb037aeac4f64fbb9856514f6dfebada63","1","No"
"0x7038de1c8964e54c9899ee39372d3b65910197f1","1","No"
"0x7bcba9296df0a11afac47881e9c08b40371ba008","1","No"
"0x0822f39d85c5530d32dfeb2a7b58a538e2e25662","1","No"
"0x71b4e2f8122b4aa74ac68acdcd3c6713e6423786","1","No"
"0xb2b6b71d3200bd3558a59d7cc29e36c3446187ae","1","No"
"0x421b25d6321c3aa3ce75274cb2cdf9b4b194fb22","1","No"
"0xf606a30c78e4db0b36845c8e47901718bd62d885","1","No"
"0x52549df3e635d42b9669765882f6149a77d7be94","1","No"
"0x320f23780c98f1cba153da685e67c4f02ac78bd1","1","No"
"0x216db7326a333279f6c354fbd7a150319eba3daa","1","No"
"0xdf803296711da473ad42cd4945489f0c196bcddc","1","No"
"0x4dc6cfd6eeefb1ed69b8634411970fe4481ffcc9","1","No"
"0xfb22194099fd87392aa1457472b3a4c16f07a59c","1","No"
"0xde1a1e19d76e5d0f136b9b7f879cd8784a65eb38","1","No"
"0xa6b0ada74ada37f4151e548c79099816af065636","1","No"
"0xddd3964d75d59b6b6d5c31eb313bba5ebf076364","1","No"
"0x97d2767db42135e1e2a5fd7dd3e11646ef4d2b28","1","No"
"0x40a9799580cb57d5fbec317f1b8c5c0e84d4b74d","1","No"
"0x0bc51ce78ef9ea1364b81654780d208e5ac4db1b","1","No"
"0xa76be57d827c0218f9050c8c4356bc09b065d20d","1","No"
"0xe3a13279ab90e41fe94f8043089d01b0e98a39d6","1","No"
"0x0ecd341cbcb8ae2b6f61d497242e4ad51b64183b","1","No"
"0xad4176104ebf1a471db5a496f7778f7ff5fca429","1","No"
"0x46f17b865e7ce608a24be7be56344614d4dd4067","1","No"
"0x51ec8729331e284c4b5e8eca8e0d184fed18632f","1","No"
"0x301c538d2fabc2e647afa6da2947111d19febf24","1","No"
"0xa817fdf9b769d2e74d12e8e28294efa2c331b799","1","No"
"0xe23c7461adc9ead0f230274b6c2af26bcb07b865","1","No"
"0xb8a507fe5ccefacb8088241a42384dfc76c2261b","1","No"
"0x3bda56ef07bf6f996f8e3defddde6c8109b7e7be","1","No"
"0xbbe028771d7d3f9198824659dc18ac438eff1a9f","1","No"
"0x42e2564f90ecfe0f9f72322740679b76fe56ea15","1","No"
"0x9cc7474377da9c8fe6aa6bca8494a74bc1a88433","1","No"
"0x21711e1287ee0cccbd69309af757f33be90621da","1","No"
"0x42b576bfe9926537cec4a83f141a9204a3f929a0","1","No"
"0xfc9926f779acb36ac7b801df8c5ffcc9a2d34d13","1","No"
"0x9efe71a20f30e636c8ffc0f6a502026d68ff4442","1","No"
"0x031103495248d75dce302414f2531c957cf4c671","1","No"
"0x5c159557d07e6bf471bb0e912a7d74c2c8eb4769","1","No"
"0x07aa0abdb74d1a71239d1f8b31e3d9cd1554c261","1","No"
"0x46ed3e4ce79e0b0634ccb03032829c076ad2a76a","1","No"
"0xa40b355d116bb476d5f3ac875cb7889ae3a92053","1","No"
"0xe0dda4f11da57f5b01d360072ca1627ea5bf93df","1","No"
"0xaf5f0a3dc50d589f6d55cfb92d894f521b07a72f","1","No"
"0xf0a89b2b40159dc4bdbf824adfcbf34554a6bbac","1","No"
"0x0e442c7d7db830276ecc7292bc57456309fe1522","1","No"
"0x0f485d1768a42096372071501fbe779923fb54ca","1","No"
"0x61bfc365ec9d56b7d0a60a2dd5ca07ad5fb59fba","1","No"
"0x9fbb12ea7dc6de6503b35da4389db3aecf8e4282","1","No"
"0xf35b5a8ac19d2ac084d0363f9d7f31bfe6361cc5","1","No"
"0xc7c25ce2379bb184ba3b9a41f722edfe1fcc9da2","1","No"
"0xaca134bda2b0512e3640225ef0d75a9727741f5a","1","No"
"0xf4e767a9a680abaeda1a49a2be7ec8462af75ed9","1","No"
"0xa5f93a8c60f0f7a75a9fefb7cd89d471be06e5cf","1","No"
"0xbd842fb775c243fd392eb7bafc5b0db1adcb7288","1","No"
"0x1795953240570adc885caa16721b9fe7e26f5e26","1","No"
"0x6cd57d873fe60bdbf29d2b0078e30bb70e30d6db","1","No"
"0x634b58342adc1373cb38c49c2c6701ea9e982563","1","No"
"0x82ee15e7c0c923e512eb0c554a50e08254ebd660","1","No"
"0xcc2a6fddd398fc82ed4a91d129a43e6d6ac425bf","1","No"
"0xc7beda88e393381487dc561c7188a10c62d44da7","1","No"
"0x01e4e2336c28def39c58098893d8ad84b9f1b9c7","1","No"
"0x439393fb55623fabb87f0b2ece5656d63d2a3e2e","1","No"
"0xfa8c87044acefc103e10a838d648a54a11b8b929","1","No"
"0xbdd954ebda44b38cdf3549c6120d4a022b561703","1","No"
"0x26ba43459a9e2ea7eb7c1bb791f64f2457537e4e","1","No"
"0x53316609d17e7cb0d380081201b4b3470c931efe","1","No"
"0x4b09a379d88450bce02dba991dfcff787d7b7ba6","1","No"
"0xbd039b3392addf3d3279b1c01e750f2cc5167519","1","No"
"0x013028ae940d10b059550efd6909cbb9c29a8cda","1","No"
"0x389b2337c777d029179751b85ed94c9c6d0b8eb9","1","No"
"0x3b2d09097d9fb9fd2aeb4e3462d69b586decec0b","1","No"
"0x71073732e39dcad7b9670d434c0d07e3a951e812","1","No"
"0xdcdf95a7fe76c4987937034188abf6fbd06ccb60","1","No"
"0xe5e98df807c3c4f8e57eeeed0968895b2ea5fefb","1","No"
"0x9a150e8c72bd2fef67e897a76af19517611eb5d6","1","No"
"0x03437b49b75f37573a7d9118609270b6a601523d","1","No"
"0x80340e9f3b00a9e3261f32c759abdc6ef113abd4","1","No"
"0x667aeda8cd06b6375f8455e59b36cf22f9f12605","1","No"
"0x651501a1713ccb091c84f624961196b7edc2dfac","1","No"
"0x5b88518fcca84d1c0ad472997fdb8f77130fa6e2","1","No"
"0x00ab97c782c661fb3d08c96dce06176938101211","1","No"
"0x72166dafc520a63c9c3cf2680cde10c4d4d6b4be","1","No"
"0xf40d5e4cdb616360881c4e38d50aff0967adb795","1","No"
"0xa9d2bcf3acb743340cdb1d858e529a23cef37838","1","No"
"0xf1de109dee9e58f6ae21f351c3e96a3b224bf34a","1","No"
"0xe9823d1ed38f8ccee87e5a9113767c7412911323","1","No"
"0x0bc1ca13a06f6d13f0b67ce451379c9468cd5e4f","1","No"
"0x1ac08405e96e3561893eef86f194acdb9a24d38d","1","No"
"0x403089b876128b97012aee31e3f91b4f6cfebede","1","No"
"0x45e0c495bf686647f85493c1d97394e0d1ac6b4d","1","No"
"0x2c93d4e09ba97019126dd1a3c5e5e5a5ebbb35a1","1","No"
"0x6d325d7a12ed072758b90d53615e7a283ab35bff","1","No"
"0x4365dab1348d97c971ec7e126f52333da1665492","1","No"
"0x8455cf296e1265b494605207e97884813de21950","1","No"
"0xd18b5a6a0774fdb3d04a17e075e7c0c19b169e93","1","No"
"0xc44ff82b84dbfacbfe08ec38cdb8684b632ffa73","1","No"
"0xf2536e65e4b38bbd85206eeb8424e458df4cb3ea","1","No"
"0xf0cf06385ff5061e05d672ffebaf6c70add0b2a4","1","No"
"0x02c2e025b219976c85b70a2e0cf110c97930e8c9","1","No"
"0xea524e3e4f7d7fd20aeca86ad6ecf83d8f55de1f","1","No"
"0xaf339d5976374ffccb2ac7b1d7ba4ef4b182a63d","1","No"
"0x90079228ffe4daa852dce3e6e0110a7dd53ace4b","1","No"
"0xbf41adfddaddf8a8798052c9b72374953192f432","1","No"
"0x4f02e83703609a0857f9ea7fe02391cb021668c9","1","No"
"0x9ff26d7e160a52064b328e38793e3569acbcae99","1","No"
"0x767c43db6300b00165f06bdc29fd215b60168af7","1","No"
"0xf18183b66dafaf1f69dc10db28728bf17a586e2e","1","No"
"0xbb5b712875983e59b904dc51f32e9f1d93b9ca2e","1","No"
"0xdde74f034163192dd2170bb56b9cac2d45ce0a36","1","No"
"0x9a2f30267aceb598f587ac4f0ce58864c446c275","1","No"
"0x83652ffa17ff8ba94e692ffcadb06ef0442557a7","1","No"
"0x1b25f81f48ec8bfd8d2a43dbdd1393f412dd520b","1","No"
"0x58d205f9d265399f5e68b783162d9508c0469bdf","1","No"
"0xd5bae424ef40f3913c426709e3b682ba09eb72f6","1","No"
"0x6f885dfab6520bd9bdc28a5a527e40daa625a770","1","No"
"0xbc02d04a1665486bc6e58eca5f63b387d07109a3","1","No"
"0x99d81318e6dc3933ff30325aa2283474981c4e7d","1","No"
"0x449649f9d11bda6cec9b04d9cb58bb58ecd9e91b","1","No"
"0x352cb496877149d5c40f90ed3dae306087bfaff9","1","No"
"0x7d1f7c2ad3719ea2036047b7bd31226de7b6216d","1","No"
"0x144af935a3ba048da4a04ef4448b976efb120e13","1","No"
"0x8c50c7290e935fdf4eb4c3e82932c442d5e2741d","1","No"
"0x1e2af855b0e590d8e2adbe05f84fba0bc1b899a4","1","No"
"0x6432d2bca1dab4ad3b695e09ac70358bad4fb1b1","1","No"
"0x6d8db35bc58c9cc930b0a65282e96c69d9715e06","1","No"
"0x768a5600b8d8c792cd7a647848f2b658ff77078c","1","No"
"0x728989216c7400a65a6f05cbfb98097bbf51618b","1","No"
"0x7c421efcf9304dd3b0df18ee20ba4950294434e9","1","No"
"0x7bf925893f7713e00493a67ef0f0127855ad36be","1","No"
"0xe562f56c91916cfe363ac71e71bb47bcbb33dfe4","1","No"
"0x1b310b0c8a4faa55277214278f72985581769a49","1","No"
"0x79e841d91eba9011ae1dfd4389709983917a6334","1","No"
"0x8a10ec6c6464975b7659841ad29e7bd540c0da7b","1","No"
"0xbc2facb3ffd83ac5a0f93d647db24a859c583ad2","1","No"
"0xf343fcfa8589b8f1e55de91b4c7ede931033986d","1","No"
"0x9e8937fd58dd23d8a6696ea2f2c5764983ea82c4","1","No"
"0x37d7848ace966a2195b6c272faf3a9588d38cbe0","1","No"
"0xb2bd8c736568b6eb67bca6f269f9761e9e813176","1","No"
"0xa5e3e1f11091ab952e990e72fc9445965c72f33f","1","No"
"0x2fe61f785240f093c827880ffee3878c75a19d03","1","No"
"0x5c70af3ddc7e815a40f2a09d22483e6e24eddf8e","1","No"
"0x992fa4f04d4a7d963ee7772a22fa5c08ff423edc","1","No"
"0x69614d11189bd92b8935b5a8b772d394ce11730d","1","No"
"0x3bb68fab9d7d6f64e247aa53527467e76714401b","1","No"
"0x5359a40dc540037ac37860d3cb705c1a2ea75670","1","No"
"0x21f18379b493bb347e0b142f351b53b72bd13eef","1","No"
"0x38fd9e0966dfab3cb59d6d5e5ccc7c05aabef8ae","1","No"
"0xbdc8ce3bf8d0412a1e5406be82af8af84ca11543","1","No"
"0x3341214af49039a358efba89a9fac1910dfd9f86","1","No"
"0x90b7b544367260305de2a2c85e0cc35d5fde69cb","1","No"
"0x470e762299bad91107f00efc28f40d9c2b560117","1","No"
"0x62144c486e3057fb46f61ca96554176dd6722fd9","1","No"
"0x2ce9fdad7142b9cd07603bb5fa634ab25c069adf","1","No"
"0x4dddaffea0c4d6fee5afe772ea48c3b70026c09f","1","No"
"0x92e91d8f64e6934af4e593b7bba67662226c8ded","1","No"
"0x7a5afac11f0b77e94c01323c158353f2d2141f05","1","No"
"0x0b9fc41bbb9fee6f6b1c3166be83b0923d315c5d","1","No"
"0x273bd0bafa504888bc2d1bda37a9df19038ba3f5","1","No"
"0x3c9596b7e25b7ce747960a84444b16defd165d17","1","No"
"0x6da44f224c3cb49cce1eceed534e654a62385fe1","1","No"
"0xfdf8b999fcc68de95b7c874202159711dcfd23ea","1","No"
"0x68a43bb5df9968ee01937a12f12504563ccf62a4","1","No"
"0x6092df4702c8a4e48535181a0e8b8911aaf67387","1","No"
"0x49821b90c125076793c1f2011ea7a0fb83a3d856","1","No"
"0xc7f2d0478c8a842fff0986ed10cb160b78c63dff","1","No"
"0x4748ff02d0242e5c30c3d2eb41d135e1c593717c","1","No"
"0x6b554150434796cf33c485ce36c2e4d786c673bc","1","No"
"0xe4790dd79c334e3f848904975272ec17f9f70366","1","No"
"0xdbcb964ddaa077d05c26d9361fb7b4dfae7471c7","1","No"
"0x1c0464cb35d82c52f292a4eb9f20de3733eb7cf8","1","No"
"0x3b230bf845959ab46ae61259f5b9cc8757d42a88","1","No"
"0x345fe5f19e2bb23d89a947346894fa479dc5bcc9","1","No"
"0x12301a549bbdc69f386417555d85b1ccc96c8b60","1","No"
"0x9490b3e0582fc8e23e49d0e04b52a4f4d9933c2e","1","No"
"0x978e0c3690a51523dc4b7663cf9a0bbf18718453","1","No"
"0x53165ffa3e47860186c77307355c9866da5ceff8","1","No"
"0xaac43c2e60a6e226260f47e83d6ae776629344a7","1","No"
"0x05037a298499ec59d2ff2ef06b2da20b9cf8d4e0","1","No"
"0x6d3814fffadc2752b8e303bef0e64f6c01227796","1","No"
"0x24143517413d2ba3264acdbdf2c5a067e12a4185","1","No"
"0xb30671b74b26522d2cf1b4ae039f340e264fc576","1","No"
"0x4c9b6e07afc08e1af45034317fb8af0fb90ff90c","1","No"
"0x83dfa1fe212a9edc6b9414a757c0c7fd3369a6d4","1","No"
"0x7bbeddef81526fa114123f9304ec54fad44e55e4","1","No"
"0x5f4934fc98eae6061a01868a4700c53c1ffb7d2e","1","No"
"0x631860ff48324ebe3720d14dab19b35b8c9bee8e","1","No"
"0xd651b17fbc35cd524d5a6ec2be20df4dd2ed5d94","1","No"
"0x231900459a62cf03c6b3e36a996c64c10c3c7656","1","No"
"0xb2c24d774a42b1fc78e628526796e6e795c65fa4","1","No"
"0xe151f9340244c05a180158f60d2af12e242a47fc","1","No"
"0xc93a0cef66af284a78b88a2762c873919eb19074","1","No"
"0x7ecb80344d7c4431235e5a5e71c6637ddcddd250","1","No"
"0xa3bc98da8e51f73022b113ae7c3619a1becefd26","1","No"
"0xe8f6324bca2ab61571748662c788ef2a1043656a","1","No"
"0x79f70113882cde38a55f955dca0236b00c2f0d86","1","No"
"0x7dc68318fe3c32198b09b9fe2a61ee2b655d8378","1","No"
"0xb02e7d8f1426c5e86fa6864f5bbea37861ade5db","1","No"
"0xe781b7d8fc09f7bdbedc4415b971abce566ed7cd","1","No"
"0x2c9e38256f9929f1f7f0fea88a4cbbd8b6a82210","1","No"
"0xf1f2a288320de86e6eccef6a4c75090361a373f7","1","No"
"0xbc301e097402d6904c722312646eb15111d1356d","1","No"
"0x11f0758d1de21bbc69309221eec6be570c660322","1","No"
"0xe4084bcbb3d5f771bb3a835df7a1188c8312f639","1","No"
"0x459f3294d879530b1643c885a864e764f2b353e6","1","No"
"0x6b9943ec88ac12cf3aff536ea8594b77f4f366f9","1","No"
"0xb417db93ae663e0e2342d1506240fe1b3e5a3f06","1","No"
"0x4025009b20b679bfc6a2b3d0cf1a61382a1efed2","1","No"
"0x244cb1b41194b92558c2596b81e44ff582b017e1","1","No"
"0x3c1c0570271de88d2cbdc42e7c2ff368e989bc7b","1","No"
"0x548aea84b8624a8ef84d4f0ae6a64ddafe07cba3","1","No"
"0x629051bd91e04673fac4665f218a1277d1f36423","1","No"
"0x2db905d5437aeef4ded5a89a96fca347f30a7981","1","No"
"0xad28474a639883e0777dbe8530eaebd9935e5e4d","1","No"
"0xa87b614b800338acbeaa9e5b92037a5f6c5e4dd8","1","No"
"0xd84babdf64dda3537e45efc87e43727f40a5b1de","1","No"
"0x462d22d4dc042136c56e15dc6374bcab3709ea09","1","No"
"0x3e18e189a0ba79e509a77843cb4f6ef2417242f4","1","No"
"0x3452a9452865e5b08cfd3c5e562f0dd6d78955d4","1","No"
"0xd03ddf6cfd776aa20514663e82e1ac951363174d","1","No"
"0x682dd6a4bd94ee1f860dc1cd418a0b9083001a8f","1","No"
"0xef18ae6977a92ad726868f22f555c7ee57f90cb9","1","No"
"0x59dff759b5afbd1c8c4413496439671094754af4","1","No"
"0x22d21da1bf976555e2e93e2dfadc37cfb7dfe2a1","1","No"
"0xa040e70e576b239aa699c4d5f42ae431611ce6c7","1","No"
"0x5eb6d4a023b4bcb2ed04a94385f2877f2247dd77","1","No"
"0x1ba17a7bcc23e6ce38dd2d72824e9f1e06c508f9","1","No"
"0x156841b0541f11522656a8fa6d0542b737754e8e","1","No"
"0x2e5d87fd7ce631fcee0f740b7a094bf550c22718","1","No"
"0x4c255ea8c67e396474a1786c9b1489cc229e1345","1","No"
"0x03c6083b2dff78d76a19a905e9face9a20b57c85","1","No"
"0xc20e76bdf05e236ebcd637bcf81e1f20fb3fb341","1","No"
"0x0f9420177faf715cac715bcb66944598e091d3c9","1","No"
"0x2e84e26a0224c213e2b0774e87119e926a477d0d","1","No"
"0x0c944c305f2b3cf4e6001ae954e809cddbe34416","1","No"
"0xf4bd191f6507eb5582116c96f30cdb4f520efd19","1","No"
"0x08476da7fa9f54c8e931a4ab185d18f2caa76b4b","1","No"
"0x48539c40a75338fa6f2ac0011fd07e007fe3e658","1","No"
"0xbfe86552c0edda6d73222867070b8d0ba6681a6e","1","No"
"0x007b6c73df39541d36baa3e8d43250c075a27470","1","No"
"0x860b15d380b19ca3d37ea7c3af0e2bb26b420c27","1","No"
"0xfd37667dcd1cba876cc78c1a16886c82911510d0","1","No"
"0x37466b0a83c7326044bfa1bb7adf220e63c7f300","1","No"
"0xd0455da08d4013c7a25ccfb55f1818bf43725d9d","1","No"
"0xd484c9307df5fbc2cd5cde71212a6ae870ddacd0","1","No"
"0xdab6b8d8ebe5d09913b363531d45eb08ebff1dae","1","No"
"0xf1aaba143b5aa254494c7677c4ae262eb4d3fbc5","1","No"
"0xa053dbafba05e307a7bddede09c7feb235dc34b1","1","No"
"0xe4cc1157a95d43751521929cf7c5d8b89c73b9ad","1","No"
"0xdab9d70a8a24cbd7f1cf97d69b8ed6548d104870","1","No"
"0xa2b26ca85e2efc632dc9e68c6da3367d5c64b9a2","1","No"
"0x5802e0c5e3a0d87f9de0be710add41c54b4f1eb4","1","No"
"0x2eabeeeb91d3158891f279a194eba8ac2afc0b68","1","No"
"0x814fcc0dba079f1e43cecb303b80be94edd0840f","1","No"
"0xf39e83d0b5079696c2beb22410616f8c61af9d19","1","No"
"0xa1c9571b6b843f0f346475a7caea8bb0d51ff2f8","1","No"
"0xa4c38766689c0b1dea2c945be0c35d3ef9b91dc1","1","No"
"0xc8f9bad3d0fc6466451219a0c6e078aaff7079f0","1","No"
"0x82d3b7b7b684c4ed5544cec704d7fc6b97576ce5","1","No"
"0x3b3f763b7907d362c17742366aadfddf26565412","1","No"
"0x8438e4095783ebef8c951788ad42c3bcd084fb41","1","No"
"0xb87925289494e41bd2762896e2b12b3a6d082def","1","No"
"0x04e97f8ea039b04474192d202d6412075da31275","1","No"
"0xde328fcec045e5c609db3d70a0e51e726a5ff6a6","1","No"
"0x6003b604d127fc932e95d48c40fa4fec52324f18","1","No"
"0x0354dba16a24ce38290b1fc37b317f7fff5d2e87","1","No"
"0x65dd57dcf37b2c31fd27862382f0056a7cd4e204","1","No"
"0x72dd867f119e044e31e6bd52e1fa6b7605dad4a4","1","No"
"0x51d0a5cbe5666ad3eee303f0d16fcde9c5cd3009","1","No"
"0x3786822bf5442404251835a82bd516ad02de762f","1","No"
"0x7b5c1d7403c326f96cf42db471e5c3f98ce9a890","1","No"
"0x0775a7ab288d42783fd12aa076961c2071c6d69e","1","No"
"0xa5d57a6da1a2047dcb9149293c07f7f100c90f00","1","No"
"0x910df188b5018d1c3e4437fa46c5ac2492b1524c","1","No"
"0x4fb1b741d5fc7000ab953186193edd015ee616d4","1","No"
"0xe47a6e20447a9e64cd6ebef7e576a8fe7f04d09c","1","No"
"0x7f7552d0c802e0ae941b4ec1599161fc51da3b7e","1","No"
"0x880bae5e0ff2c4bf5d2819680e50fa4534657671","1","No"
"0xd0f109fee7af68f06c15653f734eadf27a04dfab","1","No"
"0x66764de07a3e7be44a8a33a57917ed70f49299b7","1","No"
"0x460a6dd3289ee7e83ddfaba924475a400f4fe6f9","1","No"
"0x6955aaf9aec1fa898a3c45ae14ff1e1c4f1fa56a","1","No"
"0x31048a4b391ae1b0e90bb4c7381c70b8f5ec230d","1","No"
"0x319921e7aa53ec9195881b3313f3d310fbf9c453","1","No"
"0xeff1e65adad3c1064926bafdc80f636957cc41f1","1","No"
"0xafdbdbe2527037952e06a1c21ae79f6628509922","1","No"
"0xde0703788d59174fd471752313cecd51cc82a784","1","No"
"0x155c1838aeb7efaca1405806f9c0d39ee7a93035","1","No"
"0x38baa8a7f0e07e46a99c1c7f71b9efcc8ab0c175","1","No"
"0xc4b66bc2634889354aaf2a7e60afb551869df594","1","No"
"0xdde3ebcfbcf28aa44e7b5a5c1225f7738e9ecd4e","1","No"
"0x2457ceead67d1cb6a91eed3632c79a9063fc98b9","1","No"
"0xdac9116fb5d0217a0db85ab32f71af61fbf07902","1","No"
"0xe8d65542debcdfd65041dabfd2e57dc6e5a23433","1","No"
"0x6e6bc00db6b6a8d3e25ed58b6e9d641553b42ed6","1","No"
"0xdd4482fcf292e8ae47e3f37286743f11720099e3","1","No"
"0x533d5e63226aab49c7ba3c3387ffa09e0baf2f10","1","No"
"0xf3ae5811363885e88ea1a7724c8cc3f87314a9d8","1","No"
"0xc7119d682728894f5f76b909a43040e33ac6d651","1","No"
"0x89db4ad8b6bc0b6d8d5501ebe09b521157720d09","1","No"
"0x5f8e67a21c722acd23c4e83c7d5c0d147f60d26c","1","No"
"0xf37e29aadd59022701c856d208f9ccb2347b08f8","1","No"
"0xc9a7005c7c2c7034950c7f5900d81be8d837c08f","1","No"
"0x7385c31ffdedcdbc8982399defe6e06856bcfddd","1","No"
"0x24274560b74a026c6b21cf83146988b8d4290ca9","1","No"
"0xa851c7cb0a8eb13b080691c56804c0526b5ee26d","1","No"
"0x5feb9a12997121b0756db0674fe671ba0d576010","1","No"
"0xdc79d17baf5ebe72c500e479c064bdaba35ac8b6","1","No"
"0x287dc1c7557cc8e0cb5057110e75f657cceba504","1","No"
"0x58446c5869da8ab6c96d607ecc48510e1fad4c9c","1","No"
"0x03586fdb1c90b68b9806401e39143f875012c55a","1","No"
"0xe44087c60c51824d026c0c6e3df2ef50c6d9b4ff","1","No"
"0x88cd6c4dec7954d0ed83436c3f4022a1e678948a","1","No"
"0xe11ec9a12d2c3a9e04fcd9f1804453cacb08731f","1","No"
"0xa4c9941031c18205b846678b7ce66880cd3951d9","1","No"
"0x2c636033f1bf87119d8a4a9cace98ca0bb853183","1","No"
"0x9f3bbdf089a3e451f64c933ca3f445b2f46d53e2","1","No"
"0xf044115ff7ca2ce0549b68a4c560c771981c33dd","1","No"
"0xd1d66e99d1d6a60c962ddd10162cc2aee54b7fd6","1","No"
"0x242c242fc5196fb818dee6189e216d0ca3e35052","1","No"
"0x6b6475b63acb627d4689364980748b8ac543764b","1","No"
"0xf38c618dbbcfccfe0fb5695e357a6e3667bf0a55","1","No"
"0x290b517360c5720f75f80c77c4e95214e58a26f1","1","No"
"0x823643bda6b115b248cfb6794187f2f4bd240bf6","1","No"
"0x5d47b33d96d63a4f4efb513cde5a4fb2f5b4c245","1","No"
"0xed7646046603f5f661d789964ea86233dce0e297","1","No"
"0x9f02cd48b13e68ba2a1b7a020fb72b0ff83e451b","1","No"
"0x82ff20d2ad29a921d74df474a6bf484127321673","1","No"
"0x11ab8022b24951a90befa2885130ef2361dd61e5","1","No"
"0x45705b48f74c4a3e3fa5ca58c4d73a7db0a1c1d0","1","No"
"0xb2f3ce5e63b0c303c475667f8cb28a47b14b9d9b","1","No"
"0xc3df2f4bbb3128de045121be932d3493aa444574","1","No"
"0x683c3ac15e4e024e1509505b9a8f3f7b1a1cff1e","1","No"
"0xe1acb78ce720f49b97dab9d1be2be68ec802e42c","1","No"
"0x8e744a1ac2a5983e014b516f0ebefe529e49409d","1","No"
"0x8873a3aa124e007fea65d1eb26f7f459d29eeaf2","1","No"
"0x5264c8910879859b070fbb469f4959e60c7dee10","1","No"
"0x7da1c79dfe48241f2781b19aef55932b0ebcd152","1","No"
